Date,Metric1,Metric2,Metric3,Metric4,Metric5
2012-01-01,3,217,6,1307,0.39
2012-01-02,2,890,5,7529,0.46
2012-01-03,7,344,5,8966,0.09
2012-01-04,6,500,5,5925,0.83
2012-01-05,1,177,8,2054,0.24
2012-01-06,9,204,6,4018,0.61
2012-01-07,9,896,8,7172,0.56
2012-01-08,1,372,7,9274,0.84
2012-01-09,2,728,5,5591,0.13
2012-01-10,1,464,4,2783,0.85
2012-01-11,10,551,7,9980,0.38
2012-01-12,9,499,6,7792,0.05
2012-01-13,4,312,4,1076,0.76
2012-01-14,1,185,8,4311,0.24
2012-01-15,3,354,7,2815,0.38
2012-01-16,10,844,6,2383,0.7
2012-01-17,3,563,8,6443,0.09
2012-01-18,8,375,7,5753,0.22
2012-01-19,9,637,6,3892,0.08
2012-01-20,3,203,4,5526,0.02
2012-01-21,5,510,7,1060,0.09
2012-01-22,5,814,4,3021,0.16
2012-01-23,3,197,4,5009,0.15
2012-01-24,2,965,8,4825,0.67
2012-01-25,10,460,7,7620,0.91
2012-01-26,6,384,4,1837,0.52
2012-01-27,5,184,5,2101,0.95
2012-01-28,10,488,8,3185,0.49
2012-01-29,6,699,8,9354,0.39
2012-01-30,8,942,5,9578,0.55
2012-01-31,2,727,7,7497,0.5
2012-02-01,3,951,5,7481,0.95
2012-02-02,2,852,8,4651,0.99
2012-02-03,5,657,4,7103,0.51
2012-02-04,2,606,7,2905,0.08
2012-02-05,6,884,6,1134,0.71
2012-02-06,5,113,8,3542,0.44
2012-02-07,4,597,4,3849,0.66
2012-02-08,7,409,8,1213,0.35
2012-02-09,6,459,8,9947,0.12
2012-02-10,1,874,5,4527,0.25
2012-02-11,5,577,7,1352,0.01
2012-02-12,4,878,6,7323,0.78
2012-02-13,3,227,8,3637,0.22
2012-02-14,3,518,4,1700,0.28
2012-02-15,1,908,7,2036,0.48
2012-02-16,3,388,7,8362,0.02
2012-02-17,8,460,5,8001,0.37
2012-02-18,4,425,6,5192,0.37
2012-02-19,7,608,7,3572,0.61
2012-02-20,9,810,8,2818,0.78
2012-02-21,5,991,8,4293,0.17
2012-02-22,1,744,4,2470,0.47
2012-02-23,7,764,5,6316,0.99
2012-02-24,1,474,8,9329,0.67
2012-02-25,3,135,5,5484,0.65
2012-02-26,6,549,8,5200,0.15
2012-02-27,6,256,4,9361,0.81
2012-02-28,8,255,5,6096,0.34
2012-02-29,4,269,8,9246,0.4
2012-03-01,7,894,6,5935,0.28
2012-03-02,6,925,5,4532,0.47
2012-03-03,9,726,5,3205,0.49
2012-03-04,5,274,5,8151,0.46
2012-03-05,2,350,6,8118,0.91
2012-03-06,1,719,8,7234,0.82
2012-03-07,4,810,8,6363,1
2012-03-08,3,160,7,7373,1
2012-03-09,9,582,5,4523,0.4
2012-03-10,9,432,8,8397,0.97
2012-03-11,7,475,8,3967,0.82
2012-03-12,3,509,6,4302,0.52
2012-03-13,8,575,4,6542,0.27
2012-03-14,2,315,8,4929,0.63
2012-03-15,3,622,6,3738,0.03
2012-03-16,1,253,8,5896,1
2012-03-17,9,989,7,6407,0.13
2012-03-18,1,978,5,3989,0.89
2012-03-19,4,367,7,1576,0.95
2012-03-20,9,524,4,2284,0.8
2012-03-21,8,802,8,4810,0.73
2012-03-22,5,750,7,8090,0.98
2012-03-23,10,161,7,6693,0.87
2012-03-24,9,898,8,9083,0.38
2012-03-25,6,957,8,3113,0.99
2012-03-26,3,940,7,5536,0.1
2012-03-27,1,606,7,9565,0.61
2012-03-28,4,240,7,8149,0.6
2012-03-29,8,827,6,6762,0.68
2012-03-30,1,146,6,3957,0.35
2012-03-31,7,981,8,7713,0.06
2012-04-01,7,245,7,9012,0.67
2012-04-02,9,967,7,2336,0.21
2012-04-03,1,592,6,9732,0.3
2012-04-04,1,540,7,7864,0.06
2012-04-05,5,536,5,9054,0.55
2012-04-06,8,843,4,5148,0.01
2012-04-07,3,345,6,4946,0.04
2012-04-08,9,479,8,3562,0.51
2012-04-09,7,675,7,5567,0.72
2012-04-10,9,255,7,6155,0.68
2012-04-11,7,639,4,1107,0.37
2012-04-12,10,427,4,5929,0.5
2012-04-13,3,880,8,3223,0.79
2012-04-14,9,647,4,2530,0.34
2012-04-15,2,368,6,2245,0.16
2012-04-16,8,265,5,2833,0.08
2012-04-17,5,826,8,3121,0.41
2012-04-18,10,472,8,6140,0.17
2012-04-19,2,740,8,8197,0.96
2012-04-20,5,150,8,3435,0.17
2012-04-21,3,368,7,2520,0.81
2012-04-22,8,122,6,5779,0.52
2012-04-23,9,376,6,5803,0.9
2012-04-24,6,950,5,1679,0.81
2012-04-25,1,125,5,5585,0.42
2012-04-26,3,683,5,6070,0.9
2012-04-27,4,422,8,5508,0.61
2012-04-28,4,685,8,6089,0.3
2012-04-29,6,803,6,7960,0.47
2012-04-30,1,783,8,1499,0.93
2012-05-01,7,191,5,7339,0.38
2012-05-02,1,540,5,9893,0.23
2012-05-03,3,578,8,6772,0.37
2012-05-04,5,272,4,4235,0.95
2012-05-05,4,499,4,7546,0.08
2012-05-06,10,841,6,4327,0.83
2012-05-07,3,756,7,5725,0.38
2012-05-08,7,265,8,3007,0.73
2012-05-09,3,949,5,2263,0.22
2012-05-10,3,317,5,4740,0.73
2012-05-11,1,743,7,2272,0.89
2012-05-12,8,404,6,4532,0.9
2012-05-13,4,634,5,1403,0.77
2012-05-14,2,918,6,4952,0.57
2012-05-15,3,385,6,6505,0.61
2012-05-16,10,729,5,9680,0.23
2012-05-17,4,688,5,1626,0.32
2012-05-18,9,699,5,7218,0.81
2012-05-19,3,429,7,6267,0.41
2012-05-20,9,325,4,1849,0.69
2012-05-21,1,629,6,5665,0.33
2012-05-22,5,864,8,9984,0.2
2012-05-23,7,128,7,9214,0.3
2012-05-24,8,979,4,9793,0.77
2012-05-25,9,134,6,3469,0.63
2012-05-26,3,424,8,9629,0.64
2012-05-27,6,676,7,4985,0.74
2012-05-28,9,344,5,6446,0.78
2012-05-29,2,617,5,5621,0.85
2012-05-30,10,513,4,1254,0.23
2012-05-31,6,867,6,6415,0.88
2012-06-01,6,924,8,7187,0.94
2012-06-02,5,895,4,3228,0.91
2012-06-03,7,935,5,7653,0.42
2012-06-04,8,902,5,5736,0.83
2012-06-05,9,108,6,3302,0.9
2012-06-06,5,996,4,3068,0.23
2012-06-07,9,740,4,9551,0.92
2012-06-08,4,837,7,7018,0.69
2012-06-09,4,348,7,9365,0.05
2012-06-10,9,175,4,8046,0.75
2012-06-11,9,916,8,5306,0.28
2012-06-12,9,740,5,9720,0.21
2012-06-13,7,864,7,5671,0.07
2012-06-14,6,433,8,7175,0.73
2012-06-15,10,973,6,7314,0.73
2012-06-16,6,954,4,9052,0.4
2012-06-17,1,349,8,6854,0.09
2012-06-18,4,723,7,4136,0.34
2012-06-19,2,419,7,7467,0.83
2012-06-20,4,800,7,9041,0.85
2012-06-21,7,768,8,4287,0.63
2012-06-22,2,413,8,2184,0.63
2012-06-23,3,432,8,5212,0.84
2012-06-24,8,742,6,1598,0.49
2012-06-25,6,663,4,2952,0.7
2012-06-26,6,904,6,8574,0.72
2012-06-27,3,904,8,7863,0.63
2012-06-28,3,405,7,2628,0.74
2012-06-29,9,491,7,2978,0.48
2012-06-30,6,730,6,1948,0.58
2012-07-01,6,813,4,6087,0.59
2012-07-02,7,612,4,5188,0.56
2012-07-03,4,794,5,2193,0.75
2012-07-04,9,308,8,6134,0.51
2012-07-05,6,341,5,9687,0.09
2012-07-06,3,515,5,1008,0.23
2012-07-07,1,534,8,9633,0.86
2012-07-08,6,234,8,6550,0.12
2012-07-09,4,194,6,3089,0.27
2012-07-10,7,323,4,9237,0.47
2012-07-11,10,416,8,3122,0.65
2012-07-12,10,633,8,6077,0.52
2012-07-13,7,796,8,1252,0.52
2012-07-14,2,419,8,1100,0.91
2012-07-15,10,736,5,6749,0.19
2012-07-16,7,282,4,2517,0.32
2012-07-17,2,673,7,4022,0.37
2012-07-18,1,804,6,9323,0.37
2012-07-19,3,208,8,7243,0.47
2012-07-20,9,762,5,5981,0.46
2012-07-21,4,154,5,9351,0.57
2012-07-22,8,472,4,4503,0.68
2012-07-23,8,957,7,9057,0.91
2012-07-24,8,459,6,6387,0.64
2012-07-25,3,146,6,3179,0.09
2012-07-26,1,549,5,7394,0.15
2012-07-27,8,842,6,4230,0.54
2012-07-28,4,476,8,3032,0.78
2012-07-29,6,277,4,4205,0.1
2012-07-30,6,798,5,1939,0.3
2012-07-31,3,356,4,2904,0.35
2012-08-01,1,667,5,9613,0.47
2012-08-02,10,172,8,4220,0.05
2012-08-03,3,501,6,2198,1
2012-08-04,5,830,8,3751,0.96
2012-08-05,6,454,7,6372,0.52
2012-08-06,4,997,6,8203,0.21
2012-08-07,4,583,4,1820,0.4
2012-08-08,3,106,6,5411,0.06
2012-08-09,2,496,6,9082,0.83
2012-08-10,8,822,6,1852,0.29
2012-08-11,4,965,7,8520,0.97
2012-08-12,4,424,6,6493,0.31
2012-08-13,7,827,5,6399,0.39
2012-08-14,4,972,4,6807,0.04
2012-08-15,10,950,5,3110,0.91
2012-08-16,6,208,8,6587,0.08
2012-08-17,9,525,4,3734,0.21
2012-08-18,2,459,5,3384,0.95
2012-08-19,9,454,8,2029,0.78
2012-08-20,7,997,6,7250,0.51
2012-08-21,1,815,5,3156,0.66
2012-08-22,6,503,7,9296,0.58
2012-08-23,5,252,8,3925,0.38
2012-08-24,6,193,4,9909,0.12
2012-08-25,3,527,8,2051,0.71
2012-08-26,10,642,5,2394,0.44
2012-08-27,3,238,5,3819,0.31
2012-08-28,6,346,8,8165,0.56
2012-08-29,10,365,5,9163,0.58
2012-08-30,6,734,4,6264,0.6
2012-08-31,5,572,5,4581,0.47
2012-09-01,9,244,8,2063,0.67
2012-09-02,10,554,5,6404,0.77
2012-09-03,4,316,4,8087,0.82
2012-09-04,9,640,6,7935,0.39
2012-09-05,7,832,8,4470,0.63
2012-09-06,5,456,6,7340,0.35
2012-09-07,2,203,5,5027,0.28
2012-09-08,1,277,7,2007,0.89
2012-09-09,4,352,7,8841,0.39
2012-09-10,6,344,6,5517,0.12
2012-09-11,3,656,4,2102,0.64
2012-09-12,4,525,7,6477,0.92
2012-09-13,10,611,4,6332,0.61
2012-09-14,2,735,4,8904,0.85
2012-09-15,1,742,7,2340,0.42
2012-09-16,8,880,5,1735,0.21
2012-09-17,9,802,6,9384,0.4
2012-09-18,6,783,4,8570,0.99
2012-09-19,4,660,5,2819,0.7
2012-09-20,8,853,7,9081,0.52
2012-09-21,5,626,8,9635,0.44
2012-09-22,1,612,6,7346,0.69
2012-09-23,6,708,6,8106,0.1
2012-09-24,10,813,4,3886,0.66
2012-09-25,2,250,6,5288,0.38
2012-09-26,7,581,5,3657,0.4
2012-09-27,6,815,5,5435,0.28
2012-09-28,4,801,8,9844,0.04
2012-09-29,10,794,5,1819,0.39
2012-09-30,5,237,5,4888,0.31
2012-10-01,1,610,8,1965,0.24
2012-10-02,3,305,5,2873,0.59
2012-10-03,2,536,6,3260,0.38
2012-10-04,9,484,5,4647,0.29
2012-10-05,10,792,5,9359,0.86
2012-10-06,8,381,6,1025,0.74
2012-10-07,4,468,8,1106,0.34
2012-10-08,4,707,6,2046,0.12
2012-10-09,10,468,8,3938,0.49
2012-10-10,2,327,5,6733,0.3
2012-10-11,6,553,4,5311,0.98
2012-10-12,6,508,4,1663,0.82
2012-10-13,4,814,8,4705,0.37
2012-10-14,1,299,4,9071,0.01
2012-10-15,9,481,7,3713,0.87
2012-10-16,1,400,6,5166,0.94
2012-10-17,10,901,8,1527,0.24
2012-10-18,6,430,8,3295,0.5
2012-10-19,9,444,7,3703,0.09
2012-10-20,5,265,7,1710,0.76
2012-10-21,8,346,7,7921,0.49
2012-10-22,4,832,7,4780,0.85
2012-10-23,6,697,7,3905,0.33
2012-10-24,8,731,6,1072,0.28
2012-10-25,1,348,8,8938,0.86
2012-10-26,9,514,6,9631,0.4
2012-10-27,10,722,8,7137,0.47
2012-10-28,9,937,5,6192,0.36
2012-10-29,7,558,5,4830,0.65
2012-10-30,2,824,6,9705,0.58
2012-10-31,6,730,6,1988,0.54
2012-11-01,9,666,7,3205,0.16
2012-11-02,10,867,6,5333,0.37
2012-11-03,2,990,6,1459,0.42
2012-11-04,10,929,8,9879,1
2012-11-05,2,493,6,8324,0.66
2012-11-06,4,188,8,3629,0.5
2012-11-07,10,833,7,3061,0.35
2012-11-08,6,895,7,7580,0.64
2012-11-09,8,954,8,5880,0.53
2012-11-10,4,952,4,5271,0.13
2012-11-11,7,509,6,7469,0.86
2012-11-12,2,864,4,6826,0.9
2012-11-13,6,980,5,5704,0.22
2012-11-14,4,703,7,6631,0.24
2012-11-15,1,266,5,9748,0.62
2012-11-16,9,713,4,2761,0.26
2012-11-17,7,550,6,9532,0.44
2012-11-18,4,879,5,3750,0.31
2012-11-19,5,607,7,7733,0.04
2012-11-20,5,463,4,6712,0.82
2012-11-21,3,106,5,7524,1
2012-11-22,7,913,4,8771,0.03
2012-11-23,9,187,7,5271,0.5
2012-11-24,3,587,5,2956,0.06
2012-11-25,4,342,6,3097,0.62
2012-11-26,8,365,5,8515,0.15
2012-11-27,5,652,6,6666,0.88
2012-11-28,9,909,8,6937,0.29
2012-11-29,3,822,5,9207,0.53
2012-11-30,9,119,6,7181,0.18
2012-12-01,1,297,7,4659,0.68
2012-12-02,8,797,5,4645,0.22
2012-12-03,3,719,7,7895,0.12
2012-12-04,6,995,7,5522,0.39
2012-12-05,1,105,6,5216,0.77
2012-12-06,1,790,6,3735,0.85
2012-12-07,2,755,7,8438,0.69
2012-12-08,8,283,8,8359,0.15
2012-12-09,5,407,8,2663,0.43
2012-12-10,10,308,8,7237,0.55
2012-12-11,1,414,7,1635,0.99
2012-12-12,6,859,5,2754,0.32
2012-12-13,5,955,7,4224,0.23
2012-12-14,4,252,8,5670,0.23
2012-12-15,7,147,7,3883,0.95
2012-12-16,2,635,8,3708,0.35
2012-12-17,10,764,6,1827,0.79
2012-12-18,8,790,7,1727,0.28
2012-12-19,10,742,8,2454,0.32
2012-12-20,6,607,6,2758,0.17
2012-12-21,2,743,8,2153,0.83
2012-12-22,8,213,4,2659,0.94
2012-12-23,8,527,5,1054,0.6
2012-12-24,10,883,4,3501,0.22
2012-12-25,4,290,4,7235,0.9
2012-12-26,3,759,4,9968,0.55
2012-12-27,3,594,8,1070,0.17
2012-12-28,3,704,5,8597,0.13
2012-12-29,1,124,5,6619,0.18
2012-12-30,9,114,6,7009,0.39
2012-12-31,6,775,7,7121,0.46
2013-01-01,8,590,6,5542,0.36
2013-01-02,6,155,7,3995,0.21
2013-01-03,10,130,7,8652,0.38
2013-01-04,3,261,4,7480,0.04
2013-01-05,4,538,5,8103,0.95
2013-01-06,2,527,8,9424,0.17
2013-01-07,1,644,8,6196,0.54
2013-01-08,3,205,8,7634,0.19
2013-01-09,2,503,4,2058,0.39
2013-01-10,3,487,8,7808,0.03
2013-01-11,2,524,7,6370,0.53
2013-01-12,5,814,8,3791,0.95
2013-01-13,3,343,7,9613,0.92
2013-01-14,1,982,4,3019,0.6
2013-01-15,2,967,6,2339,0.29
2013-01-16,4,451,4,1435,0.95
2013-01-17,2,180,4,4621,0.91
2013-01-18,8,785,6,2135,0.44
2013-01-19,7,451,8,4321,0.41
2013-01-20,6,434,6,2081,0.38
2013-01-21,9,807,7,6574,0.89
2013-01-22,7,760,5,1613,0.95
2013-01-23,1,920,7,9615,0.45
2013-01-24,10,916,4,1263,0.23
2013-01-25,5,838,6,6112,0.86
2013-01-26,5,408,6,9835,0.76
2013-01-27,8,900,7,5537,0.28
2013-01-28,7,106,6,3425,0.56
2013-01-29,4,884,8,2704,0.43
2013-01-30,2,234,4,5337,0.9
2013-01-31,2,877,6,9064,0.98
2013-02-01,2,755,4,8782,0.05
2013-02-02,2,112,5,8041,0.96
2013-02-03,2,232,5,9293,0.04
2013-02-04,8,174,8,5710,0.03
2013-02-05,9,692,6,7444,0.93
2013-02-06,5,847,8,6589,0.25
2013-02-07,1,749,7,1176,0.91
2013-02-08,9,284,6,6534,0.6
2013-02-09,3,791,6,2062,0.87
2013-02-10,2,722,8,9730,0.21
2013-02-11,8,517,4,1394,0.22
2013-02-12,9,269,5,8985,0.48
2013-02-13,4,648,8,8026,0.58
2013-02-14,5,739,5,5903,0.73
2013-02-15,7,855,4,6615,0.98
2013-02-16,6,623,6,8706,0.16
2013-02-17,9,757,7,2767,0.77
2013-02-18,10,341,8,2162,0.43
2013-02-19,2,105,5,4880,0.87
2013-02-20,6,483,5,6289,0.04
2013-02-21,6,276,8,3094,0.22
2013-02-22,7,801,4,5650,0.01
2013-02-23,6,961,7,2165,0.23
2013-02-24,10,751,8,4455,0.43
2013-02-25,9,141,4,4524,0.92
2013-02-26,8,470,5,2531,0.51
2013-02-27,8,567,6,2913,0.85
2013-02-28,8,988,4,9079,0.96
2013-03-01,4,598,4,3534,0.92
2013-03-02,9,795,7,1083,0.88
2013-03-03,3,706,5,6240,0.11
2013-03-04,7,722,8,4995,1
2013-03-05,10,287,8,5262,0.38
2013-03-06,6,223,7,5761,0.78
2013-03-07,7,156,6,9929,0.09
2013-03-08,4,629,5,8568,0.72
2013-03-09,3,494,4,1684,0.5
2013-03-10,6,755,8,1222,0.72
2013-03-11,9,637,8,8054,0.33
2013-03-12,2,706,7,9538,0.49
2013-03-13,1,238,8,1506,0.54
2013-03-14,2,672,6,1554,0.55
2013-03-15,4,525,6,7072,0.47
2013-03-16,3,416,5,2813,0.2
2013-03-17,4,474,5,6004,0.57
2013-03-18,8,523,5,5116,0.93
2013-03-19,1,168,4,7492,0.79
2013-03-20,9,727,7,8448,0.47
2013-03-21,8,664,4,2888,0.06
2013-03-22,6,550,7,9736,1
2013-03-23,4,730,4,9797,0.49
2013-03-24,3,115,4,2242,0.64
2013-03-25,5,936,8,7791,0.41
2013-03-26,2,156,4,6276,0.8
2013-03-27,5,245,4,8140,0.12
2013-03-28,6,915,7,3100,0.54
2013-03-29,2,692,8,1365,0.93
2013-03-30,7,367,5,7928,0.71
2013-03-31,2,132,4,2440,0.03
2013-04-01,3,772,4,7462,0.6
2013-04-02,5,139,8,9105,0.32
2013-04-03,6,818,4,3930,0.68
2013-04-04,1,430,6,9924,0.53
2013-04-05,4,341,4,5930,0.5
2013-04-06,6,628,7,2923,0.88
2013-04-07,4,704,5,5861,0.59
2013-04-08,10,456,6,7838,0.71
2013-04-09,8,114,4,9469,0.43
2013-04-10,5,925,8,9236,0.02
2013-04-11,10,577,7,2007,0.89
2013-04-12,8,206,7,5028,0.26
2013-04-13,9,861,4,4376,0.8
2013-04-14,9,356,4,6739,0.63
2013-04-15,8,492,6,9832,0.1
2013-04-16,2,262,6,4303,0.36
2013-04-17,4,423,7,1584,0.94
2013-04-18,10,319,5,2388,0.29
2013-04-19,3,491,6,6018,0.78
2013-04-20,4,958,6,1073,0.68
2013-04-21,10,104,7,9717,0.41
2013-04-22,7,534,5,8086,0.41
2013-04-23,4,388,4,1100,0.89
2013-04-24,7,471,5,7524,0.75
2013-04-25,7,960,7,3736,0.17
2013-04-26,1,332,7,5427,0.88
2013-04-27,8,547,4,3238,0.8
2013-04-28,3,847,7,7695,0.81
2013-04-29,9,282,6,7995,0.88
2013-04-30,3,425,7,4464,0.76
2013-05-01,6,409,5,9277,0.31
2013-05-02,9,210,5,7206,0.57
2013-05-03,6,393,6,2904,0.66
2013-05-04,9,127,5,1828,0.51
2013-05-05,4,371,6,3855,0.62
2013-05-06,9,240,6,6011,0.01
2013-05-07,4,292,8,1527,0.35
2013-05-08,1,855,8,4719,0.75
2013-05-09,6,978,5,3957,0.4
2013-05-10,2,298,6,8523,0.29
2013-05-11,9,672,5,3863,0.55
2013-05-12,6,215,8,5221,0.31
2013-05-13,8,943,8,6988,0.49
2013-05-14,6,427,4,3636,0.85
2013-05-15,5,950,7,7706,0.69
2013-05-16,8,254,4,7150,0.85
2013-05-17,1,593,6,5167,0.33
2013-05-18,8,375,7,7693,0.47
2013-05-19,4,419,4,8540,0.27
2013-05-20,6,925,6,7126,0.15
2013-05-21,2,173,6,9747,0.52
2013-05-22,6,226,4,1209,0.57
2013-05-23,9,280,6,1063,0.98
2013-05-24,1,842,8,4867,0.28
2013-05-25,3,644,5,5383,0.44
2013-05-26,3,242,4,3240,0.42
2013-05-27,1,363,4,5601,0.77
2013-05-28,6,119,6,7799,0.69
2013-05-29,3,643,4,8725,0.55
2013-05-30,3,701,4,4599,0.63
2013-05-31,1,135,5,2844,0.09
2013-06-01,7,766,8,6888,0.58
2013-06-02,8,208,8,9174,0.2
2013-06-03,3,882,7,2769,0.64
2013-06-04,10,316,8,9111,0.61
2013-06-05,5,786,4,7284,0.95
2013-06-06,6,277,4,8607,0.7
2013-06-07,2,507,5,3257,0.17
2013-06-08,2,633,5,2524,0.07
2013-06-09,6,488,7,2749,0.59
2013-06-10,6,812,8,3742,0.87
2013-06-11,4,851,5,5310,0.11
2013-06-12,4,775,6,7356,0.21
2013-06-13,8,610,8,7068,0.09
2013-06-14,8,941,5,9785,0.84
2013-06-15,1,648,8,8390,0.54
2013-06-16,5,527,6,1030,0.58
2013-06-17,7,594,4,7610,0.18
2013-06-18,7,848,8,8909,0.75
2013-06-19,5,192,6,4554,0.52
2013-06-20,8,797,8,9197,0.22
2013-06-21,1,705,8,2961,0.23
2013-06-22,5,763,5,3153,0.59
2013-06-23,8,714,5,3897,0.05
2013-06-24,8,256,8,8613,0.5
2013-06-25,9,859,5,3127,0.35
2013-06-26,6,977,6,6317,0.09
2013-06-27,3,788,5,6547,0.06
2013-06-28,4,288,7,8520,0.7
2013-06-29,9,670,6,6082,0.85
2013-06-30,2,223,4,2481,0.57
2013-07-01,3,433,4,7273,0.68
2013-07-02,10,133,8,3605,0.63
2013-07-03,4,706,7,5589,0.73
2013-07-04,3,655,5,8896,0.15
2013-07-05,2,456,5,3653,0.14
2013-07-06,3,594,5,4666,0.6
2013-07-07,10,493,6,5081,0.05
2013-07-08,3,864,4,3039,0.92
2013-07-09,7,756,7,7900,0.39
2013-07-10,6,769,4,4535,0.01
2013-07-11,5,525,4,9066,0.3
2013-07-12,5,358,4,2868,0.08
2013-07-13,10,772,5,1858,0.41
2013-07-14,1,276,6,2914,0.8
2013-07-15,8,317,4,9974,0.5
2013-07-16,1,100,6,9374,0.49
2013-07-17,7,748,5,2442,0.3
2013-07-18,1,435,7,5314,0.13
2013-07-19,2,860,5,3587,0.06
2013-07-20,2,910,7,9842,0.47
2013-07-21,8,249,8,2731,0.85
2013-07-22,3,241,5,2368,0.59
2013-07-23,8,136,4,5220,0.1
2013-07-24,6,173,8,7401,0.07
2013-07-25,5,271,4,7266,0.87
2013-07-26,4,536,5,2480,0.42
2013-07-27,4,255,4,9590,0.05
2013-07-28,4,520,5,5750,0.78
2013-07-29,4,529,6,5604,0.72
2013-07-30,10,223,4,7856,0.46
2013-07-31,4,799,4,1919,0.6
2013-08-01,9,917,7,1223,0.63
2013-08-02,10,673,4,2081,0.72
2013-08-03,6,819,4,3715,0.42
2013-08-04,1,945,7,9147,0.62
2013-08-05,5,302,6,2714,0.04
2013-08-06,3,353,4,7793,0.73
2013-08-07,1,355,7,5681,0.51
2013-08-08,2,730,7,3263,0.62
2013-08-09,3,276,4,3335,0.34
2013-08-10,4,417,8,4262,0.01
2013-08-11,6,434,7,8098,0.69
2013-08-12,4,214,6,7732,0.22
2013-08-13,10,415,4,8069,0.46
2013-08-14,10,915,5,9923,0.8
2013-08-15,10,180,5,7321,0.8
2013-08-16,2,996,5,5612,0.95
2013-08-17,3,594,7,4121,0.06
2013-08-18,8,819,4,7504,0.21
2013-08-19,10,466,4,4839,0.45
2013-08-20,7,456,4,3521,0.89
2013-08-21,6,758,7,9119,0.94
2013-08-22,3,526,8,8673,0.02
2013-08-23,1,277,7,6431,0.6
2013-08-24,7,975,7,6829,0.01
2013-08-25,1,924,6,2807,0.36
2013-08-26,8,374,6,6796,0.78
2013-08-27,5,162,4,3451,0.29
2013-08-28,8,927,6,3482,0.25
2013-08-29,5,507,8,8397,0.5
2013-08-30,2,840,4,6511,0.92
2013-08-31,8,208,8,2736,0.26
2013-09-01,8,409,6,4757,0.77
2013-09-02,5,867,6,4288,0.26
2013-09-03,2,497,4,9874,0.3
2013-09-04,10,930,7,2578,0.6
2013-09-05,7,149,7,2762,0.79
2013-09-06,4,969,7,1465,0.19
2013-09-07,2,308,5,7230,0.13
2013-09-08,8,216,5,5675,0.13
2013-09-09,5,457,6,6959,0.64
2013-09-10,10,232,8,5472,0.44
2013-09-11,10,695,7,9607,0.75
2013-09-12,4,896,5,4973,0.51
2013-09-13,2,340,5,8124,0.56
2013-09-14,3,210,5,7536,0.05
2013-09-15,4,272,7,4357,0.81
2013-09-16,10,832,6,4877,0.82
2013-09-17,7,159,5,3095,0.14
2013-09-18,10,657,5,6062,0.43
2013-09-19,2,162,7,2008,0.12
2013-09-20,6,847,8,8319,0.52
2013-09-21,3,934,5,8436,0.68
2013-09-22,5,561,5,4455,0.05
2013-09-23,1,720,7,7750,0.76
2013-09-24,8,148,5,4838,0.75
2013-09-25,4,287,6,6589,0.2
2013-09-26,9,244,6,8939,0.11
2013-09-27,1,457,7,1805,0.64
2013-09-28,1,282,4,2899,0.06
2013-09-29,4,952,5,4468,0.38
2013-09-30,10,813,4,8834,0.18
2013-10-01,10,746,6,2941,0.94
2013-10-02,5,496,7,7377,0.67
2013-10-03,4,659,7,4431,0.5
2013-10-04,9,419,6,4545,0.49
2013-10-05,3,591,7,9768,0.12
2013-10-06,5,354,7,9307,0.68
2013-10-07,10,439,6,5499,0.26
2013-10-08,8,971,5,4353,0.09
2013-10-09,10,101,5,1057,0.62
2013-10-10,2,421,4,7726,0.66
2013-10-11,1,618,8,7277,0.28
2013-10-12,10,287,6,7943,0.59
2013-10-13,9,366,5,5235,0.41
2013-10-14,2,979,5,2692,0.6
2013-10-15,3,443,8,1485,0.01
2013-10-16,2,813,4,8545,0.92
2013-10-17,2,234,6,6377,0.76
2013-10-18,9,336,7,9357,0.88
2013-10-19,1,910,5,7193,0.38
2013-10-20,10,846,5,3439,0.02
2013-10-21,7,121,5,3522,0.77
2013-10-22,5,341,7,4256,0.93
2013-10-23,2,331,4,2808,0.08
2013-10-24,4,769,5,3565,0.34
2013-10-25,1,735,8,9830,0.13
2013-10-26,7,914,7,1887,0.91
2013-10-27,1,923,5,3705,0.54
2013-10-28,2,212,6,4958,0.42
2013-10-29,6,568,7,4170,0.7
2013-10-30,6,737,5,1961,0.58
2013-10-31,5,469,8,7828,0.66
2013-11-01,6,335,5,7753,0.75
2013-11-02,4,847,6,2027,0.18
2013-11-03,7,533,4,1662,0.56
2013-11-04,2,760,6,9005,0.16
2013-11-05,10,837,6,1551,0.84
2013-11-06,6,341,5,9200,0.71
2013-11-07,1,598,8,3696,0.8
2013-11-08,3,494,7,3779,0.08
2013-11-09,2,274,6,9020,0.24
2013-11-10,1,615,5,1621,0.88
2013-11-11,8,100,8,4857,0.48
2013-11-12,3,761,4,8457,0.08
2013-11-13,1,428,5,9726,0.98
2013-11-14,4,799,8,4843,0.84
2013-11-15,6,521,8,6355,0.97
2013-11-16,9,762,8,9742,0.69
2013-11-17,9,670,8,5332,0.95
2013-11-18,4,976,7,7066,0.89
2013-11-19,2,403,6,2213,0.98
2013-11-20,3,294,7,7784,0.13
2013-11-21,4,615,8,6478,0.53
2013-11-22,6,830,6,9419,0.94
2013-11-23,3,898,8,8554,0.8
2013-11-24,7,355,7,1689,0.55
2013-11-25,5,633,7,3847,0.6
2013-11-26,9,501,7,7096,0.94
2013-11-27,3,773,5,8740,0.67
2013-11-28,2,593,4,3554,0.4
2013-11-29,9,106,8,5215,0.27
2013-11-30,7,656,6,4305,0.19
2013-12-01,2,482,4,7961,0.35
2013-12-02,3,583,6,2887,0.6
2013-12-03,9,286,5,3467,0.49
2013-12-04,10,269,6,7496,0.03
2013-12-05,9,862,5,9976,0.23
2013-12-06,10,390,8,3853,0.52
2013-12-07,9,536,5,7960,0.6
2013-12-08,7,549,7,8205,0.28
2013-12-09,7,984,5,7471,0.38
2013-12-10,6,593,8,4124,0.23
2013-12-11,4,476,6,5859,0.37
2013-12-12,9,613,8,6962,1
2013-12-13,1,362,5,7681,0.1
2013-12-14,4,391,4,3271,0.52
2013-12-15,6,296,8,1504,0.56
2013-12-16,6,399,7,8123,0.1
2013-12-17,6,454,5,2676,0.88
2013-12-18,6,797,5,1542,0.25
2013-12-19,8,368,4,3220,0.74
2013-12-20,2,766,7,1135,0.68
2013-12-21,7,719,4,8032,0.86
2013-12-22,3,389,7,7576,0.85
2013-12-23,7,514,4,5421,0.7
2013-12-24,10,892,6,2783,0.03
2013-12-25,3,794,7,6374,0.01
2013-12-26,2,273,6,1069,0.83
2013-12-27,2,546,8,1328,0.57
2013-12-28,5,918,7,6120,0.38
2013-12-29,4,519,6,4682,0.01
2013-12-30,4,994,8,7714,0.77
2013-12-31,1,695,8,2094,0.23
2014-01-01,7,978,4,2393,0.13
2014-01-02,1,923,5,6080,0.58
2014-01-03,3,689,5,2702,0.84
2014-01-04,4,523,4,3653,0.64
2014-01-05,5,139,6,5047,0.71
2014-01-06,10,756,7,2279,0.92
2014-01-07,8,548,6,3005,0.22
2014-01-08,1,556,4,4176,0.31
2014-01-09,10,971,5,1962,0.86
2014-01-10,7,473,5,4763,0.88
2014-01-11,5,672,7,7149,0.64
2014-01-12,1,508,7,1575,0.8
2014-01-13,7,949,5,2511,0.79
2014-01-14,2,401,5,2290,0.37
2014-01-15,3,551,8,4671,0.7
2014-01-16,10,435,5,4138,0.48
2014-01-17,3,984,8,1613,0.95
2014-01-18,8,401,7,9285,0.54
2014-01-19,3,804,4,8580,0.28
2014-01-20,8,418,4,8994,0.86
2014-01-21,9,913,7,4935,0.44
2014-01-22,9,735,5,1231,0.11
2014-01-23,5,703,7,7064,0.99
2014-01-24,1,116,8,2814,0.54
2014-01-25,6,881,8,5587,0.81
2014-01-26,4,634,7,4253,0.65
2014-01-27,3,935,6,2499,0.64
2014-01-28,3,113,5,1847,0.06
2014-01-29,7,522,7,8182,1
2014-01-30,10,211,7,8647,0.09
2014-01-31,1,934,7,6236,0.62
2014-02-01,8,636,7,1108,0.36
2014-02-02,3,932,4,5859,0.43
2014-02-03,5,484,5,5281,0.42
2014-02-04,6,532,6,3988,0.12
2014-02-05,5,589,5,3358,0.24
2014-02-06,5,983,6,3991,0.61
2014-02-07,1,577,8,4439,0.37
2014-02-08,3,112,5,3727,0.37
2014-02-09,9,345,8,3266,0.49
2014-02-10,3,783,4,3586,0.68
2014-02-11,7,611,8,8849,0.93
2014-02-12,1,410,7,1804,0.59
2014-02-13,5,668,8,9004,0.12
2014-02-14,4,891,7,1041,0.29
2014-02-15,4,142,6,9399,0.05
2014-02-16,5,214,4,7691,0.35
2014-02-17,5,155,8,1380,0.54
2014-02-18,1,874,5,6808,0.5
2014-02-19,2,109,7,9270,0.93
2014-02-20,3,812,5,1134,0.98
2014-02-21,10,168,8,5525,0.33
2014-02-22,3,113,8,4707,0.21
2014-02-23,3,789,5,4021,0.42
2014-02-24,2,711,4,9744,0.35
2014-02-25,2,673,4,3034,0.63
2014-02-26,5,773,5,8096,0.39
2014-02-27,5,550,4,3457,0.72
2014-02-28,10,926,8,3956,0.69
2014-03-01,4,940,6,7498,0.17
2014-03-02,7,481,6,9843,0.8
2014-03-03,5,577,8,8977,0.39
2014-03-04,1,509,7,8170,0.51
2014-03-05,5,316,4,4245,0.44
2014-03-06,4,820,4,2097,0.16
2014-03-07,1,198,6,5481,0.5
2014-03-08,7,683,8,3295,0.57
2014-03-09,9,994,5,1250,0.21
2014-03-10,3,344,5,9134,0.68
2014-03-11,6,752,7,3809,0.85
2014-03-12,2,744,5,6358,0.57
2014-03-13,2,976,8,1113,0.71
2014-03-14,7,172,8,6163,0.82
2014-03-15,7,599,6,5137,0.64
2014-03-16,3,441,5,6873,0.24
2014-03-17,7,573,6,3166,0.09
2014-03-18,1,983,7,3857,0.59
2014-03-19,1,394,6,1733,0.46
2014-03-20,1,114,5,7589,0.09
2014-03-21,3,133,5,9850,0.09
2014-03-22,7,818,8,4500,0.2
2014-03-23,10,201,6,4983,0.99
2014-03-24,7,759,8,8890,0.06
2014-03-25,5,536,4,9651,0.32
2014-03-26,10,753,6,6102,0.83
2014-03-27,6,751,7,6607,0.14
2014-03-28,9,814,7,2571,0.6
2014-03-29,7,785,5,4073,0.78
2014-03-30,10,295,7,8538,0.54
2014-03-31,9,338,7,2592,0.08
2014-04-01,1,135,5,1959,0.83
2014-04-02,7,649,5,5311,0.87
2014-04-03,4,811,8,5766,0.71
2014-04-04,6,132,6,3444,0.08
2014-04-05,10,984,8,2339,0.5
2014-04-06,9,509,7,4558,0.37
2014-04-07,7,224,4,5452,0.17
2014-04-08,4,522,7,2976,0.66
2014-04-09,7,543,8,6448,0.23
2014-04-10,1,206,7,9118,0.7
2014-04-11,7,546,7,3905,0.22
2014-04-12,8,983,8,1058,0.24
2014-04-13,7,302,5,9401,0.05
2014-04-14,6,479,8,9826,0.75
2014-04-15,8,349,4,1041,0.08
2014-04-16,10,697,5,4399,0.17
2014-04-17,1,184,8,6708,0.51
2014-04-18,2,941,8,5590,0.79
2014-04-19,2,723,6,9248,0.87
2014-04-20,3,547,4,3676,0.51
2014-04-21,8,499,8,2256,0.92
2014-04-22,7,733,5,7246,0.02
2014-04-23,1,238,6,5391,1
2014-04-24,7,453,8,2080,0.01
2014-04-25,9,866,4,9979,0.85
2014-04-26,9,675,7,6298,0.13
2014-04-27,10,105,8,4930,0.29
2014-04-28,2,690,4,6639,0.07
2014-04-29,8,816,8,1677,0.12
2014-04-30,3,410,4,9567,0.91
2014-05-01,1,403,5,1018,0.13
2014-05-02,2,722,7,2470,0.66
2014-05-03,10,857,8,4946,0.55
2014-05-04,1,627,6,3201,0.72
2014-05-05,8,416,6,2786,0.21
2014-05-06,10,640,5,5515,0.63
2014-05-07,10,401,5,1361,0.2
2014-05-08,6,352,6,1013,0.91
2014-05-09,7,224,8,7445,0.88
2014-05-10,4,178,7,7109,0.02
2014-05-11,1,172,6,4220,0.85
2014-05-12,1,882,4,9619,0.71
2014-05-13,4,454,8,7749,0.83
2014-05-14,2,578,7,1247,0.53
2014-05-15,8,892,5,6855,0.08
2014-05-16,1,218,5,3391,0.17
2014-05-17,4,190,4,7374,0.14
2014-05-18,4,434,5,8262,0.58
2014-05-19,4,410,7,6230,0.14
2014-05-20,10,192,4,8871,0.06
2014-05-21,6,969,5,5175,0.65
2014-05-22,6,978,5,4156,0.92
2014-05-23,8,900,7,5862,0.95
2014-05-24,7,546,7,6828,0.15
2014-05-25,7,901,6,5940,0.82
2014-05-26,3,999,6,4825,0.23
2014-05-27,6,423,6,2296,0.75
2014-05-28,2,255,5,1860,0.4
2014-05-29,5,680,8,5173,0.34
2014-05-30,9,866,5,5921,0.53
2014-05-31,8,437,4,1330,0.04
2014-06-01,7,586,8,7084,0.17
2014-06-02,3,484,5,1686,0.95
2014-06-03,2,329,4,4213,0.9
2014-06-04,2,108,6,3881,0.68
2014-06-05,2,489,6,5147,0.97
2014-06-06,10,966,7,9235,0.28
2014-06-07,1,176,5,7866,0.64
2014-06-08,6,234,7,6930,0.21
2014-06-09,4,964,4,6588,0.54
2014-06-10,8,422,5,1248,0.38
2014-06-11,7,619,6,5198,0.2
2014-06-12,8,547,4,4265,0.89
2014-06-13,8,111,4,6287,0.9
2014-06-14,7,982,6,9754,0.64
2014-06-15,1,807,7,7161,0.44
2014-06-16,9,929,5,5806,0.7
2014-06-17,3,670,4,9590,0.05
2014-06-18,6,301,8,4907,0.87
2014-06-19,3,669,8,3933,0.88
2014-06-20,1,624,6,7168,0.04
2014-06-21,10,284,6,2484,0.12
2014-06-22,4,269,8,9231,0.38
2014-06-23,4,288,4,6791,0.73
2014-06-24,8,137,8,1749,0.39
2014-06-25,8,570,8,8123,0.73
2014-06-26,10,913,4,9467,0.23
2014-06-27,3,157,4,4633,0.79
2014-06-28,10,409,4,5053,0.85
2014-06-29,3,178,4,7823,0.58
2014-06-30,7,975,4,3246,0.37
2014-07-01,9,151,8,9366,0.63
2014-07-02,6,940,4,6144,0.5
2014-07-03,5,681,8,2653,0.29
2014-07-04,7,284,8,5144,0.68
2014-07-05,10,112,8,9616,0.49
2014-07-06,4,181,6,8130,0.36
2014-07-07,2,871,8,6637,0.78
2014-07-08,7,177,8,8507,0.53
2014-07-09,1,838,7,2150,0.99
2014-07-10,3,534,5,4330,0.68
2014-07-11,7,264,5,4606,0.74
2014-07-12,2,709,7,8420,0.73
2014-07-13,7,819,8,1705,0.87
2014-07-14,6,432,8,2299,0.78
2014-07-15,8,591,7,3779,0.7
2014-07-16,7,911,4,3534,0.8
2014-07-17,7,280,5,5887,0.37
2014-07-18,7,937,8,1262,0.61
2014-07-19,5,139,7,6145,0.97
2014-07-20,3,107,7,4020,0.07
2014-07-21,4,450,6,6198,0.42
2014-07-22,3,273,7,4553,0.87
2014-07-23,10,162,8,9850,0.47
2014-07-24,2,418,8,2819,0.21
2014-07-25,3,873,6,1274,0.98
2014-07-26,1,145,8,5591,0.8
2014-07-27,10,496,6,3903,0.28
2014-07-28,10,643,8,4506,0.4
2014-07-29,2,588,4,6870,0.83
2014-07-30,9,930,4,8580,0.83
2014-07-31,10,812,4,8638,0.66
2014-08-01,9,869,7,1501,0.46
2014-08-02,4,976,5,8192,0.85
2014-08-03,5,691,7,2540,0.31
2014-08-04,3,374,5,3547,0.25
2014-08-05,9,262,7,6120,0.15
2014-08-06,10,770,6,5757,0.28
2014-08-07,4,515,6,2577,0.23
2014-08-08,2,147,4,1350,0.82
2014-08-09,8,641,4,6884,0.64
2014-08-10,8,461,5,1017,0.17
2014-08-11,8,730,7,4219,0.22
2014-08-12,2,648,5,6342,0.35
2014-08-13,7,542,5,8871,0.51
2014-08-14,2,389,6,5664,0.49
2014-08-15,10,693,4,9533,0.49
2014-08-16,6,423,6,8377,0.65
2014-08-17,1,145,5,6371,0.16
2014-08-18,4,463,7,2642,0.57
2014-08-19,6,570,7,7242,0.36
2014-08-20,9,904,6,8135,0.25
2014-08-21,4,569,8,1015,0.27
2014-08-22,4,421,5,2643,0.37
2014-08-23,2,185,6,3463,0.88
2014-08-24,7,239,7,1645,0.11
2014-08-25,9,537,8,2619,0.02
2014-08-26,9,300,5,9027,0.77
2014-08-27,8,125,6,4787,0.62
2014-08-28,1,634,7,7407,0.66
2014-08-29,7,768,4,8408,0.33
2014-08-30,8,365,5,5901,0.89
2014-08-31,4,689,5,7382,0.11
2014-09-01,10,449,7,3853,0.16
2014-09-02,5,933,7,5991,0.76
2014-09-03,6,994,6,1385,0.81
2014-09-04,2,841,7,4466,0.65
2014-09-05,1,957,6,3313,0.12
2014-09-06,8,365,4,5377,0.9
2014-09-07,9,418,7,5858,0.52
2014-09-08,9,592,8,5991,0.92
2014-09-09,4,373,7,8106,0.99
2014-09-10,9,860,4,2608,0.01
2014-09-11,1,777,8,8378,0.9
2014-09-12,8,636,8,5650,0.98
2014-09-13,7,652,6,2862,0.31
2014-09-14,7,260,4,8102,0.71
2014-09-15,7,220,8,2346,0.35
2014-09-16,8,717,8,1347,0.25
2014-09-17,7,241,5,3736,0.01
2014-09-18,2,483,4,8589,0.33
2014-09-19,8,597,8,2857,0.55
2014-09-20,4,352,5,9109,0.8
2014-09-21,1,273,5,4648,0.51
2014-09-22,4,821,8,7660,0.9
2014-09-23,1,138,7,9154,0.64
2014-09-24,2,628,7,2013,1
2014-09-25,9,804,5,9370,0.87
2014-09-26,8,377,8,8265,0.71
2014-09-27,7,931,5,5076,0.42
2014-09-28,3,815,4,8110,0.83
2014-09-29,1,455,8,9802,0.36
2014-09-30,10,541,5,5192,0.24
2014-10-01,4,484,8,7388,0.55
2014-10-02,1,273,6,8452,0.27
2014-10-03,7,298,5,7486,0.28
2014-10-04,6,164,4,8472,0.11
2014-10-05,9,274,4,1400,0.34
2014-10-06,7,431,5,2349,0.18
2014-10-07,10,554,6,5058,0.22
2014-10-08,2,832,4,8881,0.84
2014-10-09,6,566,5,2394,0.28
2014-10-10,9,360,5,5646,0.74
2014-10-11,5,852,8,1036,0.48
2014-10-12,4,919,4,2199,0.71
2014-10-13,4,482,5,9917,0.02
2014-10-14,2,792,8,6344,0.07
2014-10-15,3,375,7,9118,0.58
2014-10-16,6,811,4,7677,0.72
2014-10-17,10,643,6,8190,0.81
2014-10-18,4,473,6,3228,0.64
2014-10-19,4,655,5,9892,0.59
2014-10-20,10,312,4,6193,0.84
2014-10-21,4,962,8,5498,0.75
2014-10-22,10,952,7,8159,0.74
2014-10-23,10,780,5,5692,0.35
2014-10-24,2,437,7,1971,0.66
2014-10-25,6,119,4,1636,0.91
2014-10-26,1,495,4,3603,0.18
2014-10-27,1,648,8,7158,0.12
2014-10-28,6,255,4,6303,0.78
2014-10-29,3,851,7,4209,0.03
2014-10-30,4,896,4,7610,0.02
2014-10-31,4,967,8,2907,0.09
2014-11-01,1,796,6,2648,0.29
2014-11-02,6,888,6,7837,0.35
2014-11-03,7,278,5,5815,0.67
2014-11-04,7,692,4,4649,0.44
2014-11-05,1,252,5,6668,0.86
2014-11-06,7,629,7,6114,0.73
2014-11-07,2,727,8,4315,0.33
2014-11-08,5,382,6,1976,0.46
2014-11-09,6,518,5,2215,0.37
2014-11-10,7,632,5,3457,0.2
2014-11-11,9,885,4,2185,0.68
2014-11-12,9,927,6,4041,0.06
2014-11-13,4,278,5,3029,0.58
2014-11-14,5,243,7,1865,0.53
2014-11-15,1,325,8,6216,0.1
2014-11-16,9,805,5,2291,0.31
2014-11-17,9,111,7,4952,0.72
2014-11-18,10,727,7,1968,0.84
2014-11-19,5,990,8,7948,0.8
2014-11-20,4,827,5,9504,0.84
2014-11-21,5,341,7,8754,0.63
2014-11-22,5,957,8,7652,0.49
2014-11-23,4,870,7,5458,0.88
2014-11-24,10,792,4,1346,0.39
2014-11-25,6,121,4,7265,0.18
2014-11-26,10,514,5,3016,1
2014-11-27,5,313,4,4403,0.96
2014-11-28,4,420,4,2841,0.65
2014-11-29,6,305,7,3386,0.05
2014-11-30,8,336,5,5355,0.13
2014-12-01,10,816,7,5761,0.61
2014-12-02,3,101,7,4168,0.59
2014-12-03,5,859,5,1690,0.54
2014-12-04,10,322,8,3396,0.88
2014-12-05,6,540,8,2344,0.37
2014-12-06,4,222,7,9428,0.98
2014-12-07,6,162,5,8779,0.99
2014-12-08,7,646,7,9028,0.36
2014-12-09,5,775,4,7644,0.89
2014-12-10,8,424,8,5139,0.99
2014-12-11,10,855,4,8246,0.56
2014-12-12,3,772,8,8360,0.39
2014-12-13,6,717,6,2747,0.55
2014-12-14,9,298,7,7465,0.59
2014-12-15,3,290,7,5139,0.71
2014-12-16,9,719,7,4016,0.03
2014-12-17,1,444,4,4147,0.15
2014-12-18,5,677,8,6391,0.31
2014-12-19,1,436,4,4050,0.21
2014-12-20,2,489,5,2216,0.78
2014-12-21,3,555,7,2990,0.99
2014-12-22,9,870,8,2362,0.22
2014-12-23,6,545,4,4538,0.8
2014-12-24,10,104,5,2352,0.13
2014-12-25,2,668,8,5931,1
2014-12-26,9,655,6,4176,0.53
2014-12-27,10,822,5,2436,0.85
2014-12-28,1,903,5,1462,0.39
2014-12-29,4,983,4,1105,0.33
2014-12-30,5,809,6,5264,0.85
2014-12-31,10,859,4,7715,0.76
2015-01-01,7,439,8,1235,0.76
2015-01-02,4,541,6,8861,0.31
2015-01-03,5,944,8,2869,0.66
2015-01-04,3,198,5,3961,0.14
2015-01-05,4,913,4,9905,0.24
2015-01-06,9,508,5,6810,0.27
2015-01-07,9,501,4,8004,0.11
2015-01-08,3,846,6,4235,0.45
2015-01-09,4,867,4,2727,0.42
2015-01-10,10,384,4,8485,0.76
2015-01-11,1,729,8,1517,0.07
2015-01-12,5,118,8,3034,0.69
2015-01-13,9,444,4,3503,0.68
2015-01-14,8,592,5,7325,0.52
2015-01-15,1,467,5,4041,0.82
2015-01-16,1,644,6,7316,0.07
2015-01-17,7,809,6,2987,0.27
2015-01-18,2,943,5,6016,0.8
2015-01-19,9,758,6,8097,0.74
2015-01-20,8,719,4,2092,0.83
2015-01-21,9,636,8,2902,0.36
2015-01-22,6,150,8,9239,0.34
2015-01-23,3,869,8,8140,0.75
2015-01-24,3,941,8,8894,0.58
2015-01-25,8,187,4,5659,0.47
2015-01-26,1,206,7,6695,0.4
2015-01-27,6,954,4,3885,0.42
2015-01-28,6,371,4,5505,0.02
2015-01-29,5,315,4,5882,0.09
2015-01-30,10,933,4,9913,0.78
2015-01-31,5,944,5,2845,0.08
2015-02-01,1,354,6,3741,0.85
2015-02-02,7,905,6,8246,0.63
2015-02-03,3,233,5,4680,0.92
2015-02-04,8,371,8,7607,0.51
2015-02-05,4,300,7,3677,0.76
2015-02-06,3,365,8,4189,0.59
2015-02-07,4,734,4,6187,0.52
2015-02-08,8,350,7,3036,0.14
2015-02-09,6,283,4,8712,0.79
2015-02-10,10,174,4,2581,1
2015-02-11,1,634,4,4821,0.02
2015-02-12,1,238,4,4272,0.18
2015-02-13,9,538,8,5008,1
2015-02-14,3,792,4,5480,0.04
2015-02-15,9,255,8,6389,0.77
2015-02-16,2,101,6,9079,0.41
2015-02-17,10,533,7,5412,0.42
2015-02-18,7,635,6,5742,0.06
2015-02-19,10,546,7,7962,0.54
2015-02-20,8,253,7,9853,0.01
2015-02-21,6,792,5,4672,0.46
2015-02-22,6,735,8,1347,0.94
2015-02-23,2,103,7,4900,0.92
2015-02-24,10,131,7,8384,0.91
2015-02-25,2,783,6,6885,0.54
2015-02-26,8,395,7,4990,0.46
2015-02-27,5,615,5,5649,0.56
2015-02-28,5,103,6,5222,0.23
2015-03-01,7,250,7,6407,0.35
2015-03-02,8,184,5,4649,0.72
2015-03-03,2,708,5,6780,0.71
2015-03-04,4,629,7,7393,0.39
2015-03-05,9,662,5,1108,0.47
2015-03-06,8,103,5,8606,0.64
2015-03-07,10,247,6,5364,0.28
2015-03-08,7,425,6,6010,0.33
2015-03-09,2,457,7,8742,0.31
2015-03-10,1,601,4,2611,0.13
2015-03-11,6,990,7,3211,0.15
2015-03-12,2,108,4,6280,0.98
2015-03-13,9,439,4,3381,0.99
2015-03-14,1,515,6,9699,0.38
2015-03-15,3,105,6,1675,0.28
2015-03-16,2,342,8,6284,0.42
2015-03-17,10,320,7,4367,0.71
2015-03-18,4,952,7,7443,0.31
2015-03-19,9,906,5,7756,0.51
2015-03-20,10,528,6,1899,0.24
2015-03-21,3,947,5,1912,0.5
2015-03-22,7,233,6,5352,0.32
2015-03-23,4,172,6,8920,0.36
2015-03-24,10,643,7,4213,1
2015-03-25,5,441,8,7586,0.52
2015-03-26,4,296,6,1404,0.07
2015-03-27,8,565,5,4690,0.96
2015-03-28,10,263,8,7777,0.69
2015-03-29,6,695,5,6175,0.08
2015-03-30,9,816,7,8696,0.1
2015-03-31,9,191,7,3307,0.08
2015-04-01,4,261,5,5143,0.66
2015-04-02,3,882,7,1028,0.42
2015-04-03,3,310,7,7591,0.83
2015-04-04,2,581,5,4913,0.91
2015-04-05,2,995,7,1167,0.34
2015-04-06,7,946,7,4852,0.79
2015-04-07,1,594,6,2746,0.6
2015-04-08,6,459,8,2579,0.53
2015-04-09,4,108,7,7708,0.05
2015-04-10,6,995,8,1088,0.87
2015-04-11,2,404,8,6868,0.2
2015-04-12,4,406,5,2185,0.98
2015-04-13,7,769,5,6469,0.8
2015-04-14,9,954,8,2431,0.55
2015-04-15,3,142,6,3129,0.57
2015-04-16,8,339,5,9579,0.19
2015-04-17,8,553,7,7932,0.15
2015-04-18,4,304,6,2758,0.27
2015-04-19,8,887,4,8706,0.14
2015-04-20,5,671,8,2703,0.12
2015-04-21,7,651,6,4530,0.89
2015-04-22,3,890,4,8762,0.44
2015-04-23,9,284,8,3018,0.5
2015-04-24,7,119,8,7387,0.68
2015-04-25,8,732,6,4438,0.49
2015-04-26,3,493,4,7808,0.55
2015-04-27,7,997,4,9876,0.22
2015-04-28,10,415,6,6262,0.41
2015-04-29,3,362,8,7635,0.96
2015-04-30,7,511,4,2158,0.17
2015-05-01,4,736,6,7892,0.61
2015-05-02,1,415,4,6892,0.85
2015-05-03,8,867,4,8212,0.16
2015-05-04,2,739,7,9500,0.67
2015-05-05,6,461,4,9229,0.48
2015-05-06,1,185,7,8507,0.5
2015-05-07,9,878,7,3193,0.26
2015-05-08,2,739,4,5843,0.05
2015-05-09,10,517,4,9954,0.24
2015-05-10,8,717,5,5912,0.6
2015-05-11,2,905,6,8551,0.47
2015-05-12,2,415,8,7290,0.88
2015-05-13,5,899,6,6037,0.67
2015-05-14,4,545,7,6034,0.79
2015-05-15,2,641,8,2435,0.06
2015-05-16,6,251,5,5812,0.88
2015-05-17,8,585,5,6324,0.12
2015-05-18,4,719,7,9276,0.25
2015-05-19,1,705,4,2130,0.8
2015-05-20,4,937,7,1183,0.86
2015-05-21,3,853,8,1613,0.19
2015-05-22,5,206,4,6343,0.7
2015-05-23,5,192,8,9637,0.49
2015-05-24,5,126,6,7434,0.41
2015-05-25,3,363,5,5335,0.16
2015-05-26,2,178,8,9455,0.39
2015-05-27,10,942,5,5335,0.86
2015-05-28,8,519,6,7720,0.02
2015-05-29,7,112,6,8188,0.83
2015-05-30,5,892,5,1888,0.7
2015-05-31,8,543,8,8655,0.05
2015-06-01,2,957,4,8350,0.29
2015-06-02,10,773,4,3535,0.86
2015-06-03,5,497,4,9664,0.51
2015-06-04,2,508,6,8262,0.45
2015-06-05,8,192,8,6738,0.48
2015-06-06,10,397,5,8255,0.04
2015-06-07,3,176,6,4740,0.95
2015-06-08,4,629,6,2826,0.54
2015-06-09,8,550,4,9486,0.83
2015-06-10,6,500,5,8258,0.42
2015-06-11,9,615,8,2522,0.96
2015-06-12,10,824,8,2078,0.53
2015-06-13,6,871,7,9405,0.61
2015-06-14,9,460,6,7875,0.59
2015-06-15,10,584,6,6609,0.67
2015-06-16,8,335,7,2494,0.68
2015-06-17,2,482,6,8255,0.88
2015-06-18,6,340,7,2832,0.15
2015-06-19,2,773,7,8691,0.9
2015-06-20,5,684,6,6611,0.07
2015-06-21,3,374,6,8169,0.17
2015-06-22,7,172,6,5644,0.61
2015-06-23,6,414,5,1233,0.7
2015-06-24,9,463,5,9717,0.66
2015-06-25,7,345,6,1249,0.53
2015-06-26,9,111,4,5804,0.84
2015-06-27,7,875,5,3075,0.26
2015-06-28,7,613,5,9357,0.01
2015-06-29,1,374,8,3587,0.42
2015-06-30,6,394,8,7316,0.54
2015-07-01,4,442,4,1389,0.78
2015-07-02,5,289,7,6920,0.62
2015-07-03,6,144,4,8009,0.7
2015-07-04,1,735,7,8759,0.06
2015-07-05,4,246,8,8513,0.1
2015-07-06,3,808,4,8305,0.28
2015-07-07,5,170,4,8230,0.59
2015-07-08,2,111,5,2274,0.35
2015-07-09,4,517,5,3020,0.45
2015-07-10,3,740,5,3563,0.41
2015-07-11,10,899,7,3663,0.61
2015-07-12,9,900,6,2578,0.62
2015-07-13,4,399,5,9040,0.59
2015-07-14,9,371,7,2243,0.89
2015-07-15,1,356,8,2087,0.84
2015-07-16,7,633,8,9366,0.07
2015-07-17,10,837,6,4245,0.71
2015-07-18,3,774,8,8060,0.55
2015-07-19,7,977,5,1525,0.77
2015-07-20,1,493,6,7259,0.66
2015-07-21,3,915,6,3140,0.76
2015-07-22,2,378,8,8452,0.27
2015-07-23,8,916,8,5174,0.41
2015-07-24,9,757,7,4775,0.71
2015-07-25,3,394,7,9252,0.93
2015-07-26,4,850,4,1531,0.91
2015-07-27,1,256,5,6953,0.08
2015-07-28,9,642,8,4608,0.15
2015-07-29,5,426,4,6592,0.57
2015-07-30,1,941,4,9947,0.55
2015-07-31,5,150,5,3286,0.55
2015-08-01,7,349,4,5953,0.73
2015-08-02,2,608,8,3316,0.37
2015-08-03,5,623,8,1148,0.69
2015-08-04,5,196,5,7035,0.9
2015-08-05,6,396,7,8443,0.66
2015-08-06,8,466,5,5796,1
2015-08-07,1,640,4,6682,0.42
2015-08-08,4,149,6,5079,0.72
2015-08-09,4,309,7,2788,0.94
2015-08-10,10,787,6,4473,0.47
2015-08-11,10,699,7,6108,0.76
2015-08-12,2,665,8,9935,0.53
2015-08-13,8,163,5,5112,0.69
2015-08-14,7,285,7,8713,0.27
2015-08-15,7,644,4,5375,0.72
2015-08-16,6,434,8,6932,0.82
2015-08-17,1,592,5,5519,0.46
2015-08-18,10,195,6,2567,0.91
2015-08-19,1,528,8,8529,0.22
2015-08-20,9,939,6,5936,0.25
2015-08-21,10,661,7,3470,0.09
2015-08-22,9,692,7,9792,0.26
2015-08-23,2,756,8,9860,0.93
2015-08-24,9,346,7,4267,0.51
2015-08-25,4,927,8,4088,0.93
2015-08-26,8,116,8,3709,0.76
2015-08-27,1,935,5,1805,0.08
2015-08-28,6,806,6,3529,0.84
2015-08-29,6,758,7,3621,0.16
2015-08-30,5,939,4,2510,0.95
2015-08-31,2,932,4,4128,0.25
2015-09-01,10,366,6,1283,0.13
2015-09-02,8,963,6,4936,0.28
2015-09-03,9,423,8,4380,0.49
2015-09-04,6,204,5,2195,0.09
2015-09-05,7,601,4,8093,0.35
2015-09-06,6,508,6,2049,0.51
2015-09-07,3,871,7,4420,0.12
2015-09-08,5,464,8,3475,0.92
2015-09-09,10,872,4,9293,0.45
2015-09-10,1,400,8,7429,0.71
2015-09-11,6,719,6,9690,0.65
2015-09-12,3,769,6,2682,0.31
2015-09-13,7,170,6,1980,0.47
2015-09-14,3,615,4,8977,0.81
2015-09-15,4,919,5,7811,1
2015-09-16,7,753,5,8406,0.81
2015-09-17,9,678,7,8083,0.43
2015-09-18,3,817,6,9418,0.69
2015-09-19,8,995,7,5543,0.28
2015-09-20,3,579,5,5401,0.89
2015-09-21,9,556,5,5100,0.81
2015-09-22,2,562,6,2045,0.09
2015-09-23,4,874,7,5376,0.41
2015-09-24,10,665,7,4207,0.71
2015-09-25,6,621,5,9029,0.74
2015-09-26,7,284,5,7637,0.06
2015-09-27,2,615,6,3723,0.56
2015-09-28,5,141,4,2152,0.13
2015-09-29,6,721,4,9279,0.84
2015-09-30,8,607,4,3677,1
2015-10-01,1,413,5,8524,0.49
2015-10-02,4,784,7,7356,0.73
2015-10-03,7,569,6,9863,0.6
2015-10-04,1,933,4,5918,0.59
2015-10-05,9,945,8,2133,0.26
2015-10-06,4,656,4,8803,0.96
2015-10-07,5,778,7,4997,0.46
2015-10-08,7,430,5,3701,0.32
2015-10-09,8,937,7,5184,0.32
2015-10-10,6,599,6,9166,0.58
2015-10-11,7,982,7,2319,0.36
2015-10-12,6,319,8,1443,0.69
2015-10-13,5,958,7,1715,0.81
2015-10-14,6,396,8,9595,0.06
2015-10-15,1,890,6,6299,0.31
2015-10-16,2,972,7,9102,0.77
2015-10-17,7,442,8,4270,0.84
2015-10-18,3,865,6,2335,0.84
2015-10-19,8,547,4,7082,0.67
2015-10-20,9,695,4,2514,0.94
2015-10-21,2,603,6,7793,0.28
2015-10-22,5,303,4,2661,0.61
2015-10-23,8,534,6,8945,0.32
2015-10-24,1,911,8,9981,0.59
2015-10-25,2,357,6,1154,0.84
2015-10-26,5,160,6,8309,0.53
2015-10-27,3,568,4,4725,0.34
2015-10-28,10,289,4,7550,0.65
2015-10-29,10,818,6,8832,0.47
2015-10-30,3,295,4,7273,0.24
2015-10-31,5,376,4,8136,0.21
2015-11-01,5,158,7,4087,0.69
2015-11-02,7,286,5,6788,0.16
2015-11-03,7,101,7,7606,0.39
2015-11-04,2,877,4,2599,0.19
2015-11-05,10,245,5,3288,0.84
2015-11-06,7,109,4,8901,0.89
2015-11-07,2,412,6,3600,0.63
2015-11-08,8,185,8,6353,0.81
2015-11-09,1,484,5,8509,0.32
2015-11-10,2,964,4,6359,0.1
2015-11-11,6,601,7,1536,0.74
2015-11-12,6,193,4,2844,0.41
2015-11-13,9,780,6,6433,0.16
2015-11-14,8,448,4,3299,0.34
2015-11-15,2,437,8,3045,0.91
2015-11-16,6,874,4,7153,0.47
2015-11-17,3,777,8,7372,0.39
2015-11-18,8,804,4,3597,0.8
2015-11-19,1,977,6,3952,0.96
2015-11-20,3,577,7,7973,0.35
2015-11-21,6,854,8,4182,0.51
2015-11-22,5,342,5,5140,0.44
2015-11-23,9,884,8,8401,0.78
2015-11-24,10,961,8,1969,0.93
2015-11-25,9,931,4,2644,0.08
2015-11-26,1,497,7,3121,0.14
2015-11-27,1,457,5,6958,0.9
2015-11-28,5,510,4,4720,0.65
2015-11-29,9,572,4,2394,0.76
2015-11-30,4,888,7,7863,0.3
2015-12-01,5,322,5,3387,0.02
2015-12-02,6,490,4,4239,0.36
2015-12-03,2,598,7,4404,0.32
2015-12-04,10,597,4,1445,0.38
2015-12-05,3,823,8,2724,0.58
2015-12-06,7,125,4,4094,0.25
2015-12-07,8,355,5,5352,0.53
2015-12-08,4,407,6,4958,0.98
2015-12-09,3,489,8,5359,0.72
2015-12-10,3,438,6,7430,0.63
2015-12-11,9,935,6,6149,0.17
2015-12-12,6,676,8,5531,0.52
2015-12-13,6,685,6,1835,0.26
2015-12-14,4,881,5,1826,0.59
2015-12-15,8,138,5,5337,0.94
2015-12-16,6,340,5,1379,0.78
2015-12-17,1,214,6,1198,0.56
2015-12-18,8,308,8,6767,0.74
2015-12-19,10,565,7,2014,0.31
2015-12-20,10,776,7,1013,0.16
2015-12-21,7,808,5,8807,0.63
2015-12-22,9,206,6,4654,0.99
2015-12-23,1,306,8,8508,0.02
2015-12-24,4,226,6,7422,0.32
2015-12-25,8,847,5,2692,0.83
2015-12-26,9,393,8,1752,0.14
2015-12-27,9,608,8,5982,0.18
2015-12-28,10,666,5,1474,0.38
2015-12-29,8,506,5,7706,0.59
2015-12-30,2,642,6,1734,0.86
2015-12-31,3,508,7,7944,0.92